--------------------------------------------------------
--  File created - sobota-listopada-23-2024   
--------------------------------------------------------
--------------------------------------------------------
--  DDL for Table CIRCUITS
--------------------------------------------------------

  CREATE TABLE "CIRCUITS" 
   (	"CIRCUIT_ID" NUMBER(3,0), 
	"SHORT_NAME" VARCHAR2(20 BYTE), 
	"FULL_NAME" VARCHAR2(50 BYTE), 
	"NATIONS_NATION_ID" NUMBER(3,0), 
	"DEBUT_YEAR" NUMBER(4,0)
   ) SEGMENT CREATION IMMEDIATE 
  PCTFREE 10 PCTUSED 40 INITRANS 1 MAXTRANS 255 
 NOCOMPRESS LOGGING
  STORAGE(INITIAL 65536 NEXT 1048576 MINEXTENTS 1 MAXEXTENTS 2147483645
  PCTINCREASE 0 FREELISTS 1 FREELIST GROUPS 1
  BUFFER_POOL DEFAULT FLASH_CACHE DEFAULT CELL_FLASH_CACHE DEFAULT)
  TABLESPACE "USERS" ;
--------------------------------------------------------
--  DDL for Table DRIVERS
--------------------------------------------------------

  CREATE TABLE "DRIVERS" 
   (	"DRIVER_ID" NUMBER(4,0), 
	"NAME" VARCHAR2(15 BYTE), 
	"SURNAME" VARCHAR2(20 BYTE), 
	"AGE" NUMBER(2,0), 
	"TEAMS_TEAM_ID" NUMBER(3,0), 
	"STARTING_NUM" NUMBER(2,0), 
	"WC" NUMBER(2,0), 
	"STARTS" NUMBER(4,0), 
	"POINTS" NUMBER(5,1), 
	"PODIUMS" NUMBER(3,0), 
	"DEBUT" NUMBER(4,0), 
	"CIRCUITS_CIRCUIT_ID" NUMBER(3,0), 
	"NATIONS_NATION_ID" NUMBER(3,0)
   ) SEGMENT CREATION IMMEDIATE 
  PCTFREE 10 PCTUSED 40 INITRANS 1 MAXTRANS 255 
 NOCOMPRESS LOGGING
  STORAGE(INITIAL 65536 NEXT 1048576 MINEXTENTS 1 MAXEXTENTS 2147483645
  PCTINCREASE 0 FREELISTS 1 FREELIST GROUPS 1
  BUFFER_POOL DEFAULT FLASH_CACHE DEFAULT CELL_FLASH_CACHE DEFAULT)
  TABLESPACE "USERS" ;
--------------------------------------------------------
--  DDL for Table MANAGERS
--------------------------------------------------------

  CREATE TABLE "MANAGERS" 
   (	"MANAGER_ID" NUMBER(3,0), 
	"NAME" VARCHAR2(20 BYTE), 
	"SURNAME" VARCHAR2(30 BYTE), 
	"NATIONS_NATION_ID" NUMBER(3,0)
   ) SEGMENT CREATION IMMEDIATE 
  PCTFREE 10 PCTUSED 40 INITRANS 1 MAXTRANS 255 
 NOCOMPRESS LOGGING
  STORAGE(INITIAL 65536 NEXT 1048576 MINEXTENTS 1 MAXEXTENTS 2147483645
  PCTINCREASE 0 FREELISTS 1 FREELIST GROUPS 1
  BUFFER_POOL DEFAULT FLASH_CACHE DEFAULT CELL_FLASH_CACHE DEFAULT)
  TABLESPACE "USERS" ;
--------------------------------------------------------
--  DDL for Table NATIONS
--------------------------------------------------------

  CREATE TABLE "NATIONS" 
   (	"NATION_ID" NUMBER(3,0), 
	"NAME" VARCHAR2(30 BYTE), 
	"NATION_CODE" VARCHAR2(3 BYTE), 
	"CONTINENT" VARCHAR2(20 BYTE), 
	"NATIONALITY" VARCHAR2(30 BYTE)
   ) SEGMENT CREATION IMMEDIATE 
  PCTFREE 10 PCTUSED 40 INITRANS 1 MAXTRANS 255 
 NOCOMPRESS LOGGING
  STORAGE(INITIAL 65536 NEXT 1048576 MINEXTENTS 1 MAXEXTENTS 2147483645
  PCTINCREASE 0 FREELISTS 1 FREELIST GROUPS 1
  BUFFER_POOL DEFAULT FLASH_CACHE DEFAULT CELL_FLASH_CACHE DEFAULT)
  TABLESPACE "USERS" ;
--------------------------------------------------------
--  DDL for Table TEAMS
--------------------------------------------------------

  CREATE TABLE "TEAMS" 
   (	"TEAM_ID" NUMBER(3,0), 
	"SHORT_NAME" VARCHAR2(20 BYTE), 
	"FULL_NAME" VARCHAR2(50 BYTE), 
	"MANAGERS_MANAGER_ID" NUMBER(3,0), 
	"DEBUT_YEAR" NUMBER(4,0)
   ) SEGMENT CREATION IMMEDIATE 
  PCTFREE 10 PCTUSED 40 INITRANS 1 MAXTRANS 255 
 NOCOMPRESS LOGGING
  STORAGE(INITIAL 65536 NEXT 1048576 MINEXTENTS 1 MAXEXTENTS 2147483645
  PCTINCREASE 0 FREELISTS 1 FREELIST GROUPS 1
  BUFFER_POOL DEFAULT FLASH_CACHE DEFAULT CELL_FLASH_CACHE DEFAULT)
  TABLESPACE "USERS" ;
--------------------------------------------------------
--  DDL for Table USERS
--------------------------------------------------------

  CREATE TABLE "USERS" 
   (	"USER_ID" NUMBER(3,0), 
	"NAME" VARCHAR2(30 BYTE), 
	"TYPE" VARCHAR2(5 BYTE), 
	"PASSWORD" VARCHAR2(30 BYTE)
   ) SEGMENT CREATION IMMEDIATE 
  PCTFREE 10 PCTUSED 40 INITRANS 1 MAXTRANS 255 
 NOCOMPRESS LOGGING
  STORAGE(INITIAL 65536 NEXT 1048576 MINEXTENTS 1 MAXEXTENTS 2147483645
  PCTINCREASE 0 FREELISTS 1 FREELIST GROUPS 1
  BUFFER_POOL DEFAULT FLASH_CACHE DEFAULT CELL_FLASH_CACHE DEFAULT)
  TABLESPACE "USERS" ;
REM INSERTING into CIRCUITS
SET DEFINE OFF;
Insert into CIRCUITS (CIRCUIT_ID,SHORT_NAME,FULL_NAME,NATIONS_NATION_ID,DEBUT_YEAR) values ('1','Albert Park','Melbourne Grand Prix Circuit','6','1996');
Insert into CIRCUITS (CIRCUIT_ID,SHORT_NAME,FULL_NAME,NATIONS_NATION_ID,DEBUT_YEAR) values ('2','Interlagos','Autódromo José Carlos Pace','21','1972');
Insert into CIRCUITS (CIRCUIT_ID,SHORT_NAME,FULL_NAME,NATIONS_NATION_ID,DEBUT_YEAR) values ('3','Imola','Autodromo Enzo e Dino Ferrari','18','1980');
Insert into CIRCUITS (CIRCUIT_ID,SHORT_NAME,FULL_NAME,NATIONS_NATION_ID,DEBUT_YEAR) values ('4','Silverstone','Silverstone Circuit','3','1950');
Insert into CIRCUITS (CIRCUIT_ID,SHORT_NAME,FULL_NAME,NATIONS_NATION_ID,DEBUT_YEAR) values ('5','Barcelona','Circuit de Barcelona-Catalunya','5','1991');
Insert into CIRCUITS (CIRCUIT_ID,SHORT_NAME,FULL_NAME,NATIONS_NATION_ID,DEBUT_YEAR) values ('6','Nurburgring','Nürburgring Grand Prix Strecke','15','1951');
Insert into CIRCUITS (CIRCUIT_ID,SHORT_NAME,FULL_NAME,NATIONS_NATION_ID,DEBUT_YEAR) values ('7','Monte Carlo','Circuit de Monaco','4','1950');
Insert into CIRCUITS (CIRCUIT_ID,SHORT_NAME,FULL_NAME,NATIONS_NATION_ID,DEBUT_YEAR) values ('8','Montreal','Circuit Gilles Villeneuve','7','1978');
Insert into CIRCUITS (CIRCUIT_ID,SHORT_NAME,FULL_NAME,NATIONS_NATION_ID,DEBUT_YEAR) values ('9','Magny-Cours','Circuit de Nevers Magny-Cours','8','1991');
Insert into CIRCUITS (CIRCUIT_ID,SHORT_NAME,FULL_NAME,NATIONS_NATION_ID,DEBUT_YEAR) values ('10','Red Bull Ring','Red Bull Ring','37','2014');
Insert into CIRCUITS (CIRCUIT_ID,SHORT_NAME,FULL_NAME,NATIONS_NATION_ID,DEBUT_YEAR) values ('11','Hockenheim','Hockenheimring','15','1970');
Insert into CIRCUITS (CIRCUIT_ID,SHORT_NAME,FULL_NAME,NATIONS_NATION_ID,DEBUT_YEAR) values ('12','Hungaroring','Hungaroring','40','1986');
Insert into CIRCUITS (CIRCUIT_ID,SHORT_NAME,FULL_NAME,NATIONS_NATION_ID,DEBUT_YEAR) values ('13','Spa','Circuit de Spa-Francorchamps','22','1950');
Insert into CIRCUITS (CIRCUIT_ID,SHORT_NAME,FULL_NAME,NATIONS_NATION_ID,DEBUT_YEAR) values ('14','Monza','Autodromo Nazionale Monza','18','1950');
Insert into CIRCUITS (CIRCUIT_ID,SHORT_NAME,FULL_NAME,NATIONS_NATION_ID,DEBUT_YEAR) values ('15','Indianapolis','Indianapolis Motor Speedway','10','2000');
Insert into CIRCUITS (CIRCUIT_ID,SHORT_NAME,FULL_NAME,NATIONS_NATION_ID,DEBUT_YEAR) values ('16','Suzuka','Suzuka Circuit','11','1987');
Insert into CIRCUITS (CIRCUIT_ID,SHORT_NAME,FULL_NAME,NATIONS_NATION_ID,DEBUT_YEAR) values ('17','Sepang','Sepang International Circuit','42','1999');
Insert into CIRCUITS (CIRCUIT_ID,SHORT_NAME,FULL_NAME,NATIONS_NATION_ID,DEBUT_YEAR) values ('18','Sakhir','Bahrain International Circuit','27','2004');
Insert into CIRCUITS (CIRCUIT_ID,SHORT_NAME,FULL_NAME,NATIONS_NATION_ID,DEBUT_YEAR) values ('19','Shanghai','Shanghai International Circuit','13','2004');
Insert into CIRCUITS (CIRCUIT_ID,SHORT_NAME,FULL_NAME,NATIONS_NATION_ID,DEBUT_YEAR) values ('20','Istanbul Park','Intercity Istanbul Park','28','2005');
Insert into CIRCUITS (CIRCUIT_ID,SHORT_NAME,FULL_NAME,NATIONS_NATION_ID,DEBUT_YEAR) values ('21','Marina Bay','Marina Bay Street Circuit','29','2008');
Insert into CIRCUITS (CIRCUIT_ID,SHORT_NAME,FULL_NAME,NATIONS_NATION_ID,DEBUT_YEAR) values ('22','Yas Marina','Yas Marina Circuit','30','2009');
Insert into CIRCUITS (CIRCUIT_ID,SHORT_NAME,FULL_NAME,NATIONS_NATION_ID,DEBUT_YEAR) values ('23','Yeongam','Korea International Circuit','31','2010');
Insert into CIRCUITS (CIRCUIT_ID,SHORT_NAME,FULL_NAME,NATIONS_NATION_ID,DEBUT_YEAR) values ('24','Buddh','Buddh International Circuit','35','2011');
Insert into CIRCUITS (CIRCUIT_ID,SHORT_NAME,FULL_NAME,NATIONS_NATION_ID,DEBUT_YEAR) values ('25','Austin','Circuit of the Americas','10','2012');
Insert into CIRCUITS (CIRCUIT_ID,SHORT_NAME,FULL_NAME,NATIONS_NATION_ID,DEBUT_YEAR) values ('26','Sochi','Sochi Autodrom','20','2014');
Insert into CIRCUITS (CIRCUIT_ID,SHORT_NAME,FULL_NAME,NATIONS_NATION_ID,DEBUT_YEAR) values ('27','Fuji','Fuji Speedway','11','2007');
Insert into CIRCUITS (CIRCUIT_ID,SHORT_NAME,FULL_NAME,NATIONS_NATION_ID,DEBUT_YEAR) values ('28','Mexico City','Autódromo Hermanos Rodríguez','2','1967');
Insert into CIRCUITS (CIRCUIT_ID,SHORT_NAME,FULL_NAME,NATIONS_NATION_ID,DEBUT_YEAR) values ('29','Baku','Baku City Circuit','32','2016');
Insert into CIRCUITS (CIRCUIT_ID,SHORT_NAME,FULL_NAME,NATIONS_NATION_ID,DEBUT_YEAR) values ('30','Paul Ricard','Circuit Paul Ricard','8','1970');
Insert into CIRCUITS (CIRCUIT_ID,SHORT_NAME,FULL_NAME,NATIONS_NATION_ID,DEBUT_YEAR) values ('31','Mugello','Mugello Circuit','18','2020');
Insert into CIRCUITS (CIRCUIT_ID,SHORT_NAME,FULL_NAME,NATIONS_NATION_ID,DEBUT_YEAR) values ('32','Portimao','Autódromo Internacional do Algarve','39','2020');
Insert into CIRCUITS (CIRCUIT_ID,SHORT_NAME,FULL_NAME,NATIONS_NATION_ID,DEBUT_YEAR) values ('33','Zandvoort','Circuit Zandvoort','1','1952');
Insert into CIRCUITS (CIRCUIT_ID,SHORT_NAME,FULL_NAME,NATIONS_NATION_ID,DEBUT_YEAR) values ('34','Losail','Losail International Circuit','33','2022');
Insert into CIRCUITS (CIRCUIT_ID,SHORT_NAME,FULL_NAME,NATIONS_NATION_ID,DEBUT_YEAR) values ('35','Jeddah','Jeddah Street Circuit','34','2021');
Insert into CIRCUITS (CIRCUIT_ID,SHORT_NAME,FULL_NAME,NATIONS_NATION_ID,DEBUT_YEAR) values ('36','Miami','Miami International Autodrome','10','2022');
Insert into CIRCUITS (CIRCUIT_ID,SHORT_NAME,FULL_NAME,NATIONS_NATION_ID,DEBUT_YEAR) values ('37','Las Vegas','Las Vegas Grand Prix Circuit','10','2023');
REM INSERTING into DRIVERS
SET DEFINE OFF;
Insert into DRIVERS (DRIVER_ID,NAME,SURNAME,AGE,TEAMS_TEAM_ID,STARTING_NUM,WC,STARTS,POINTS,PODIUMS,DEBUT,CIRCUITS_CIRCUIT_ID,NATIONS_NATION_ID) values ('27','Sebastian','Vettel','37','5','5','4','299','3098','122','2007','8','15');
Insert into DRIVERS (DRIVER_ID,NAME,SURNAME,AGE,TEAMS_TEAM_ID,STARTING_NUM,WC,STARTS,POINTS,PODIUMS,DEBUT,CIRCUITS_CIRCUIT_ID,NATIONS_NATION_ID) values ('28','Kimi','Raikkonen','45','11','7','1','349','1873','103','2001','15','12');
Insert into DRIVERS (DRIVER_ID,NAME,SURNAME,AGE,TEAMS_TEAM_ID,STARTING_NUM,WC,STARTS,POINTS,PODIUMS,DEBUT,CIRCUITS_CIRCUIT_ID,NATIONS_NATION_ID) values ('29','Antonio','Giovinazzi','30','11','99','0','62','21','0','2017','11','18');
Insert into DRIVERS (DRIVER_ID,NAME,SURNAME,AGE,TEAMS_TEAM_ID,STARTING_NUM,WC,STARTS,POINTS,PODIUMS,DEBUT,CIRCUITS_CIRCUIT_ID,NATIONS_NATION_ID) values ('30','Robert','Kubica','39','11','88','0','99','274','12','2006','14','19');
Insert into DRIVERS (DRIVER_ID,NAME,SURNAME,AGE,TEAMS_TEAM_ID,STARTING_NUM,WC,STARTS,POINTS,PODIUMS,DEBUT,CIRCUITS_CIRCUIT_ID,NATIONS_NATION_ID) values ('31','Nikita','Mazepin','25','10','9','0','21','0','0','2021','10','20');
Insert into DRIVERS (DRIVER_ID,NAME,SURNAME,AGE,TEAMS_TEAM_ID,STARTING_NUM,WC,STARTS,POINTS,PODIUMS,DEBUT,CIRCUITS_CIRCUIT_ID,NATIONS_NATION_ID) values ('32','Daniil','Kvyat','30','12','26','0','110','202','3','2014','17','20');
Insert into DRIVERS (DRIVER_ID,NAME,SURNAME,AGE,TEAMS_TEAM_ID,STARTING_NUM,WC,STARTS,POINTS,PODIUMS,DEBUT,CIRCUITS_CIRCUIT_ID,NATIONS_NATION_ID) values ('33','Romain','Grosjean','38','10','8','0','179','391','10','2009','7','8');
Insert into DRIVERS (DRIVER_ID,NAME,SURNAME,AGE,TEAMS_TEAM_ID,STARTING_NUM,WC,STARTS,POINTS,PODIUMS,DEBUT,CIRCUITS_CIRCUIT_ID,NATIONS_NATION_ID) values ('34','Jack','Aitken','29','7','89','0','1','0','0','2020','5','3');
Insert into DRIVERS (DRIVER_ID,NAME,SURNAME,AGE,TEAMS_TEAM_ID,STARTING_NUM,WC,STARTS,POINTS,PODIUMS,DEBUT,CIRCUITS_CIRCUIT_ID,NATIONS_NATION_ID) values ('35','Pietro','Fittipaldi','28','10','51','0','2','0','0','2020','5','21');
Insert into DRIVERS (DRIVER_ID,NAME,SURNAME,AGE,TEAMS_TEAM_ID,STARTING_NUM,WC,STARTS,POINTS,PODIUMS,DEBUT,CIRCUITS_CIRCUIT_ID,NATIONS_NATION_ID) values ('36','Stoffel','Vandoorne','32','4','2','0','41','26','0','2016','7','22');
Insert into DRIVERS (DRIVER_ID,NAME,SURNAME,AGE,TEAMS_TEAM_ID,STARTING_NUM,WC,STARTS,POINTS,PODIUMS,DEBUT,CIRCUITS_CIRCUIT_ID,NATIONS_NATION_ID) values ('37','Marcus','Ericsson','34','17','9','0','97','18','0','2014','7','23');
Insert into DRIVERS (DRIVER_ID,NAME,SURNAME,AGE,TEAMS_TEAM_ID,STARTING_NUM,WC,STARTS,POINTS,PODIUMS,DEBUT,CIRCUITS_CIRCUIT_ID,NATIONS_NATION_ID) values ('38','Brendon','Hartley','35','15','28','0','25','4','0','2017','26','16');
Insert into DRIVERS (DRIVER_ID,NAME,SURNAME,AGE,TEAMS_TEAM_ID,STARTING_NUM,WC,STARTS,POINTS,PODIUMS,DEBUT,CIRCUITS_CIRCUIT_ID,NATIONS_NATION_ID) values ('39','Sergey','Sirotkin','29','7','35','0','21','1','0','2018','7','20');
Insert into DRIVERS (DRIVER_ID,NAME,SURNAME,AGE,TEAMS_TEAM_ID,STARTING_NUM,WC,STARTS,POINTS,PODIUMS,DEBUT,CIRCUITS_CIRCUIT_ID,NATIONS_NATION_ID) values ('40','Felipe','Massa','43','7','19','0','272','1167','41','2002','2','21');
Insert into DRIVERS (DRIVER_ID,NAME,SURNAME,AGE,TEAMS_TEAM_ID,STARTING_NUM,WC,STARTS,POINTS,PODIUMS,DEBUT,CIRCUITS_CIRCUIT_ID,NATIONS_NATION_ID) values ('41','Jolyon','Palmer','33','14','30','0','35','9','0','2016','7','3');
Insert into DRIVERS (DRIVER_ID,NAME,SURNAME,AGE,TEAMS_TEAM_ID,STARTING_NUM,WC,STARTS,POINTS,PODIUMS,DEBUT,CIRCUITS_CIRCUIT_ID,NATIONS_NATION_ID) values ('42','Pascal','Wehrlein','30','17','94','0','39','6','0','2016','11','15');
Insert into DRIVERS (DRIVER_ID,NAME,SURNAME,AGE,TEAMS_TEAM_ID,STARTING_NUM,WC,STARTS,POINTS,PODIUMS,DEBUT,CIRCUITS_CIRCUIT_ID,NATIONS_NATION_ID) values ('43','Nico','Rosberg','39','2','6','1','206','1594','57','2006','10','15');
Insert into DRIVERS (DRIVER_ID,NAME,SURNAME,AGE,TEAMS_TEAM_ID,STARTING_NUM,WC,STARTS,POINTS,PODIUMS,DEBUT,CIRCUITS_CIRCUIT_ID,NATIONS_NATION_ID) values ('44','Jenson','Button','44','4','22','1','306','1235','50','2000','2','3');
Insert into DRIVERS (DRIVER_ID,NAME,SURNAME,AGE,TEAMS_TEAM_ID,STARTING_NUM,WC,STARTS,POINTS,PODIUMS,DEBUT,CIRCUITS_CIRCUIT_ID,NATIONS_NATION_ID) values ('45','Felipe','Nasr','32','17','12','0','39','29','0','2015','2','21');
Insert into DRIVERS (DRIVER_ID,NAME,SURNAME,AGE,TEAMS_TEAM_ID,STARTING_NUM,WC,STARTS,POINTS,PODIUMS,DEBUT,CIRCUITS_CIRCUIT_ID,NATIONS_NATION_ID) values ('46','Esteban','Gutierrez','33','10','21','0','59','6','0','2013','28','2');
Insert into DRIVERS (DRIVER_ID,NAME,SURNAME,AGE,TEAMS_TEAM_ID,STARTING_NUM,WC,STARTS,POINTS,PODIUMS,DEBUT,CIRCUITS_CIRCUIT_ID,NATIONS_NATION_ID) values ('47','Rio','Haryanto','31','18','88','0','12','0','0','2016','1','24');
Insert into DRIVERS (DRIVER_ID,NAME,SURNAME,AGE,TEAMS_TEAM_ID,STARTING_NUM,WC,STARTS,POINTS,PODIUMS,DEBUT,CIRCUITS_CIRCUIT_ID,NATIONS_NATION_ID) values ('48','Pastor','Maldonado','39','19','13','0','95','76','0','2011','7','25');
Insert into DRIVERS (DRIVER_ID,NAME,SURNAME,AGE,TEAMS_TEAM_ID,STARTING_NUM,WC,STARTS,POINTS,PODIUMS,DEBUT,CIRCUITS_CIRCUIT_ID,NATIONS_NATION_ID) values ('49','Roberto','Merhi','33','18','98','0','13','0','0','2015','7','5');
Insert into DRIVERS (DRIVER_ID,NAME,SURNAME,AGE,TEAMS_TEAM_ID,STARTING_NUM,WC,STARTS,POINTS,PODIUMS,DEBUT,CIRCUITS_CIRCUIT_ID,NATIONS_NATION_ID) values ('50','Alexander','Rossi','33','18','53','0','5','0','0','2015','7','10');
Insert into DRIVERS (DRIVER_ID,NAME,SURNAME,AGE,TEAMS_TEAM_ID,STARTING_NUM,WC,STARTS,POINTS,PODIUMS,DEBUT,CIRCUITS_CIRCUIT_ID,NATIONS_NATION_ID) values ('51','Will','Stevens','33','18','28','0','18','0','0','2014','12','3');
Insert into DRIVERS (DRIVER_ID,NAME,SURNAME,AGE,TEAMS_TEAM_ID,STARTING_NUM,WC,STARTS,POINTS,PODIUMS,DEBUT,CIRCUITS_CIRCUIT_ID,NATIONS_NATION_ID) values ('52','Jean-Eric','Vergne','34','15','25','0','58','51','0','2012','2','8');
Insert into DRIVERS (DRIVER_ID,NAME,SURNAME,AGE,TEAMS_TEAM_ID,STARTING_NUM,WC,STARTS,POINTS,PODIUMS,DEBUT,CIRCUITS_CIRCUIT_ID,NATIONS_NATION_ID) values ('53','Jules','Bianchi','25','22','17','0','34','2','0','2013','7','8');
Insert into DRIVERS (DRIVER_ID,NAME,SURNAME,AGE,TEAMS_TEAM_ID,STARTING_NUM,WC,STARTS,POINTS,PODIUMS,DEBUT,CIRCUITS_CIRCUIT_ID,NATIONS_NATION_ID) values ('54','Adrian','Sutil','41','17','99','0','128','124','0','2007','5','15');
Insert into DRIVERS (DRIVER_ID,NAME,SURNAME,AGE,TEAMS_TEAM_ID,STARTING_NUM,WC,STARTS,POINTS,PODIUMS,DEBUT,CIRCUITS_CIRCUIT_ID,NATIONS_NATION_ID) values ('55','Max','Chilton','33','22','4','0','35','0','0','2013','12','3');
Insert into DRIVERS (DRIVER_ID,NAME,SURNAME,AGE,TEAMS_TEAM_ID,STARTING_NUM,WC,STARTS,POINTS,PODIUMS,DEBUT,CIRCUITS_CIRCUIT_ID,NATIONS_NATION_ID) values ('56','Kamui','Kobayashi','38','21','10','0','75','125','1','2009','8','11');
Insert into DRIVERS (DRIVER_ID,NAME,SURNAME,AGE,TEAMS_TEAM_ID,STARTING_NUM,WC,STARTS,POINTS,PODIUMS,DEBUT,CIRCUITS_CIRCUIT_ID,NATIONS_NATION_ID) values ('57','Mark','Webber','48','1','2','0','215','1047','42','2002','13','6');
Insert into DRIVERS (DRIVER_ID,NAME,SURNAME,AGE,TEAMS_TEAM_ID,STARTING_NUM,WC,STARTS,POINTS,PODIUMS,DEBUT,CIRCUITS_CIRCUIT_ID,NATIONS_NATION_ID) values ('58','Paul','di Resta','38','7','22','0','59','121','0','2011','6','3');
Insert into DRIVERS (DRIVER_ID,NAME,SURNAME,AGE,TEAMS_TEAM_ID,STARTING_NUM,WC,STARTS,POINTS,PODIUMS,DEBUT,CIRCUITS_CIRCUIT_ID,NATIONS_NATION_ID) values ('59','Charles','Pic','34','21','20','0','39','0','0','2012','11','8');
Insert into DRIVERS (DRIVER_ID,NAME,SURNAME,AGE,TEAMS_TEAM_ID,STARTING_NUM,WC,STARTS,POINTS,PODIUMS,DEBUT,CIRCUITS_CIRCUIT_ID,NATIONS_NATION_ID) values ('60','Heikki','Kovalainen','43','19','10','0','111','105','4','2007','9','12');
Insert into DRIVERS (DRIVER_ID,NAME,SURNAME,AGE,TEAMS_TEAM_ID,STARTING_NUM,WC,STARTS,POINTS,PODIUMS,DEBUT,CIRCUITS_CIRCUIT_ID,NATIONS_NATION_ID) values ('61','Giedo','van der Garde','39','21','21','0','19','0','0','2013','12','1');
Insert into DRIVERS (DRIVER_ID,NAME,SURNAME,AGE,TEAMS_TEAM_ID,STARTING_NUM,WC,STARTS,POINTS,PODIUMS,DEBUT,CIRCUITS_CIRCUIT_ID,NATIONS_NATION_ID) values ('62','Michael','Schumacher','55','2','7','7','307','1566','155','1991','15','15');
Insert into DRIVERS (DRIVER_ID,NAME,SURNAME,AGE,TEAMS_TEAM_ID,STARTING_NUM,WC,STARTS,POINTS,PODIUMS,DEBUT,CIRCUITS_CIRCUIT_ID,NATIONS_NATION_ID) values ('63','Bruno','Senna','41','7','19','0','46','33','0','2010','16','21');
Insert into DRIVERS (DRIVER_ID,NAME,SURNAME,AGE,TEAMS_TEAM_ID,STARTING_NUM,WC,STARTS,POINTS,PODIUMS,DEBUT,CIRCUITS_CIRCUIT_ID,NATIONS_NATION_ID) values ('64','Vitaly','Petrov','40','21','21','0','57','64','1','2010','13','20');
Insert into DRIVERS (DRIVER_ID,NAME,SURNAME,AGE,TEAMS_TEAM_ID,STARTING_NUM,WC,STARTS,POINTS,PODIUMS,DEBUT,CIRCUITS_CIRCUIT_ID,NATIONS_NATION_ID) values ('65','Timo','Glock','42','22','24','0','91','51','3','2004','17','15');
Insert into DRIVERS (DRIVER_ID,NAME,SURNAME,AGE,TEAMS_TEAM_ID,STARTING_NUM,WC,STARTS,POINTS,PODIUMS,DEBUT,CIRCUITS_CIRCUIT_ID,NATIONS_NATION_ID) values ('66','Jerome','dAmbrosio','38','19','10','0','20','0','0','2011','12','22');
Insert into DRIVERS (DRIVER_ID,NAME,SURNAME,AGE,TEAMS_TEAM_ID,STARTING_NUM,WC,STARTS,POINTS,PODIUMS,DEBUT,CIRCUITS_CIRCUIT_ID,NATIONS_NATION_ID) values ('67','Narain','Karthikeyan','47','23','23','0','46','5','0','2005','20','35');
Insert into DRIVERS (DRIVER_ID,NAME,SURNAME,AGE,TEAMS_TEAM_ID,STARTING_NUM,WC,STARTS,POINTS,PODIUMS,DEBUT,CIRCUITS_CIRCUIT_ID,NATIONS_NATION_ID) values ('68','Pedro','de la Rosa','53','23','22','0','105','35','1','1999','5','5');
Insert into DRIVERS (DRIVER_ID,NAME,SURNAME,AGE,TEAMS_TEAM_ID,STARTING_NUM,WC,STARTS,POINTS,PODIUMS,DEBUT,CIRCUITS_CIRCUIT_ID,NATIONS_NATION_ID) values ('69','Nick','Heidfeld','47','19','9','0','183','259','13','2000','9','15');
Insert into DRIVERS (DRIVER_ID,NAME,SURNAME,AGE,TEAMS_TEAM_ID,STARTING_NUM,WC,STARTS,POINTS,PODIUMS,DEBUT,CIRCUITS_CIRCUIT_ID,NATIONS_NATION_ID) values ('70','Jaime','Alguersuari','34','15','19','0','46','31','0','2009','3','5');
Insert into DRIVERS (DRIVER_ID,NAME,SURNAME,AGE,TEAMS_TEAM_ID,STARTING_NUM,WC,STARTS,POINTS,PODIUMS,DEBUT,CIRCUITS_CIRCUIT_ID,NATIONS_NATION_ID) values ('71','Sebastien','Buemi','36','15','18','0','55','29','0','2009','4','36');
Insert into DRIVERS (DRIVER_ID,NAME,SURNAME,AGE,TEAMS_TEAM_ID,STARTING_NUM,WC,STARTS,POINTS,PODIUMS,DEBUT,CIRCUITS_CIRCUIT_ID,NATIONS_NATION_ID) values ('72','Rubens','Barrichello','52','7','11','0','323','658','68','1993','18','21');
Insert into DRIVERS (DRIVER_ID,NAME,SURNAME,AGE,TEAMS_TEAM_ID,STARTING_NUM,WC,STARTS,POINTS,PODIUMS,DEBUT,CIRCUITS_CIRCUIT_ID,NATIONS_NATION_ID) values ('73','Jarno','Trulli','50','20','21','0','252','246','11','1997','6','18');
Insert into DRIVERS (DRIVER_ID,NAME,SURNAME,AGE,TEAMS_TEAM_ID,STARTING_NUM,WC,STARTS,POINTS,PODIUMS,DEBUT,CIRCUITS_CIRCUIT_ID,NATIONS_NATION_ID) values ('74','Vitantonio','Liuzzi','44','23','23','0','80','26','0','2005','14','18');
Insert into DRIVERS (DRIVER_ID,NAME,SURNAME,AGE,TEAMS_TEAM_ID,STARTING_NUM,WC,STARTS,POINTS,PODIUMS,DEBUT,CIRCUITS_CIRCUIT_ID,NATIONS_NATION_ID) values ('75','Karun','Chandhok','40','20','21','0','11','0','0','2010','13','35');
Insert into DRIVERS (DRIVER_ID,NAME,SURNAME,AGE,TEAMS_TEAM_ID,STARTING_NUM,WC,STARTS,POINTS,PODIUMS,DEBUT,CIRCUITS_CIRCUIT_ID,NATIONS_NATION_ID) values ('76','Lucas','di Grassi','40','25','25','0','18','0','0','2010','16','21');
Insert into DRIVERS (DRIVER_ID,NAME,SURNAME,AGE,TEAMS_TEAM_ID,STARTING_NUM,WC,STARTS,POINTS,PODIUMS,DEBUT,CIRCUITS_CIRCUIT_ID,NATIONS_NATION_ID) values ('77','Sakon','Yamamoto','42','23','20','0','21','0','0','2006','8','11');
Insert into DRIVERS (DRIVER_ID,NAME,SURNAME,AGE,TEAMS_TEAM_ID,STARTING_NUM,WC,STARTS,POINTS,PODIUMS,DEBUT,CIRCUITS_CIRCUIT_ID,NATIONS_NATION_ID) values ('78','Christian','Klien','41','23','20','0','49','14','0','2004','10','37');
Insert into DRIVERS (DRIVER_ID,NAME,SURNAME,AGE,TEAMS_TEAM_ID,STARTING_NUM,WC,STARTS,POINTS,PODIUMS,DEBUT,CIRCUITS_CIRCUIT_ID,NATIONS_NATION_ID) values ('79','Giancarlo','Fisichella','51','3','21','0','229','275','19','1996','11','18');
Insert into DRIVERS (DRIVER_ID,NAME,SURNAME,AGE,TEAMS_TEAM_ID,STARTING_NUM,WC,STARTS,POINTS,PODIUMS,DEBUT,CIRCUITS_CIRCUIT_ID,NATIONS_NATION_ID) values ('80','Sebastien','Bourdais','45','15','11','0','27','6','0','2008','12','8');
Insert into DRIVERS (DRIVER_ID,NAME,SURNAME,AGE,TEAMS_TEAM_ID,STARTING_NUM,WC,STARTS,POINTS,PODIUMS,DEBUT,CIRCUITS_CIRCUIT_ID,NATIONS_NATION_ID) values ('81','Kazuki','Nakajima','39','7','17','0','36','9','0','2007','13','11');
Insert into DRIVERS (DRIVER_ID,NAME,SURNAME,AGE,TEAMS_TEAM_ID,STARTING_NUM,WC,STARTS,POINTS,PODIUMS,DEBUT,CIRCUITS_CIRCUIT_ID,NATIONS_NATION_ID) values ('82','Nelson','Piquet Jr','39','14','8','0','28','19','1','2008','12','21');
Insert into DRIVERS (DRIVER_ID,NAME,SURNAME,AGE,TEAMS_TEAM_ID,STARTING_NUM,WC,STARTS,POINTS,PODIUMS,DEBUT,CIRCUITS_CIRCUIT_ID,NATIONS_NATION_ID) values ('83','Luca','Badoer','53','3','3','0','51','0','0','1993','11','18');
Insert into DRIVERS (DRIVER_ID,NAME,SURNAME,AGE,TEAMS_TEAM_ID,STARTING_NUM,WC,STARTS,POINTS,PODIUMS,DEBUT,CIRCUITS_CIRCUIT_ID,NATIONS_NATION_ID) values ('84','David','Coulthard','53','1','9','0','246','535','62','1994','15','3');
Insert into DRIVERS (DRIVER_ID,NAME,SURNAME,AGE,TEAMS_TEAM_ID,STARTING_NUM,WC,STARTS,POINTS,PODIUMS,DEBUT,CIRCUITS_CIRCUIT_ID,NATIONS_NATION_ID) values ('85','Takuma','Sato','47','29','18','0','90','44','1','2002','16','11');
Insert into DRIVERS (DRIVER_ID,NAME,SURNAME,AGE,TEAMS_TEAM_ID,STARTING_NUM,WC,STARTS,POINTS,PODIUMS,DEBUT,CIRCUITS_CIRCUIT_ID,NATIONS_NATION_ID) values ('86','Anthony','Davidson','45','29','19','0','24','0','0','2002','4','3');
Insert into DRIVERS (DRIVER_ID,NAME,SURNAME,AGE,TEAMS_TEAM_ID,STARTING_NUM,WC,STARTS,POINTS,PODIUMS,DEBUT,CIRCUITS_CIRCUIT_ID,NATIONS_NATION_ID) values ('87','Alexander','Wurz','50','7','17','0','69','45','3','1997','11','37');
Insert into DRIVERS (DRIVER_ID,NAME,SURNAME,AGE,TEAMS_TEAM_ID,STARTING_NUM,WC,STARTS,POINTS,PODIUMS,DEBUT,CIRCUITS_CIRCUIT_ID,NATIONS_NATION_ID) values ('88','Scott','Speed','41','15','19','0','28','0','0','2006','13','10');
Insert into DRIVERS (DRIVER_ID,NAME,SURNAME,AGE,TEAMS_TEAM_ID,STARTING_NUM,WC,STARTS,POINTS,PODIUMS,DEBUT,CIRCUITS_CIRCUIT_ID,NATIONS_NATION_ID) values ('89','Christijan','Albers','45','30','21','0','46','4','0','2005','13','1');
Insert into DRIVERS (DRIVER_ID,NAME,SURNAME,AGE,TEAMS_TEAM_ID,STARTING_NUM,WC,STARTS,POINTS,PODIUMS,DEBUT,CIRCUITS_CIRCUIT_ID,NATIONS_NATION_ID) values ('90','Juan Pablo','Montoya','49','4','4','0','94','307','30','2001','18','38');
Insert into DRIVERS (DRIVER_ID,NAME,SURNAME,AGE,TEAMS_TEAM_ID,STARTING_NUM,WC,STARTS,POINTS,PODIUMS,DEBUT,CIRCUITS_CIRCUIT_ID,NATIONS_NATION_ID) values ('91','Ralf','Schumacher','49','27','7','0','180','329','27','1997','12','15');
Insert into DRIVERS (DRIVER_ID,NAME,SURNAME,AGE,TEAMS_TEAM_ID,STARTING_NUM,WC,STARTS,POINTS,PODIUMS,DEBUT,CIRCUITS_CIRCUIT_ID,NATIONS_NATION_ID) values ('92','Jacques','Villeneuve','53','24','17','1','163','235','23','1996','10','7');
Insert into DRIVERS (DRIVER_ID,NAME,SURNAME,AGE,TEAMS_TEAM_ID,STARTING_NUM,WC,STARTS,POINTS,PODIUMS,DEBUT,CIRCUITS_CIRCUIT_ID,NATIONS_NATION_ID) values ('93','Tiago','Monteiro','48','31','18','0','37','7','1','2005','7','39');
Insert into DRIVERS (DRIVER_ID,NAME,SURNAME,AGE,TEAMS_TEAM_ID,STARTING_NUM,WC,STARTS,POINTS,PODIUMS,DEBUT,CIRCUITS_CIRCUIT_ID,NATIONS_NATION_ID) values ('94','Robert','Doornbos','43','1','15','0','11','0','0','2005','7','1');
Insert into DRIVERS (DRIVER_ID,NAME,SURNAME,AGE,TEAMS_TEAM_ID,STARTING_NUM,WC,STARTS,POINTS,PODIUMS,DEBUT,CIRCUITS_CIRCUIT_ID,NATIONS_NATION_ID) values ('95','Yuji','Ide','49','29','23','0','4','0','0','2006','14','11');
Insert into DRIVERS (DRIVER_ID,NAME,SURNAME,AGE,TEAMS_TEAM_ID,STARTING_NUM,WC,STARTS,POINTS,PODIUMS,DEBUT,CIRCUITS_CIRCUIT_ID,NATIONS_NATION_ID) values ('96','Frank','Montagny','46','29','23','0','7','0','0','2006','14','8');
Insert into DRIVERS (DRIVER_ID,NAME,SURNAME,AGE,TEAMS_TEAM_ID,STARTING_NUM,WC,STARTS,POINTS,PODIUMS,DEBUT,CIRCUITS_CIRCUIT_ID,NATIONS_NATION_ID) values ('97','Patrick','Friesacher','44','36','20','0','11','3','0','2005','14','37');
Insert into DRIVERS (DRIVER_ID,NAME,SURNAME,AGE,TEAMS_TEAM_ID,STARTING_NUM,WC,STARTS,POINTS,PODIUMS,DEBUT,CIRCUITS_CIRCUIT_ID,NATIONS_NATION_ID) values ('98','Antonio','Pizzonia','44','34','8','0','20','8','0','2003','7','21');
Insert into DRIVERS (DRIVER_ID,NAME,SURNAME,AGE,TEAMS_TEAM_ID,STARTING_NUM,WC,STARTS,POINTS,PODIUMS,DEBUT,CIRCUITS_CIRCUIT_ID,NATIONS_NATION_ID) values ('99','Olivier','Panis','58','27','17','0','158','76','5','1994','11','8');
Insert into DRIVERS (DRIVER_ID,NAME,SURNAME,AGE,TEAMS_TEAM_ID,STARTING_NUM,WC,STARTS,POINTS,PODIUMS,DEBUT,CIRCUITS_CIRCUIT_ID,NATIONS_NATION_ID) values ('100','Christiano','da Matta','51','27','16','0','28','13','0','2003','13','21');
Insert into DRIVERS (DRIVER_ID,NAME,SURNAME,AGE,TEAMS_TEAM_ID,STARTING_NUM,WC,STARTS,POINTS,PODIUMS,DEBUT,CIRCUITS_CIRCUIT_ID,NATIONS_NATION_ID) values ('101','Zsolt','Baumgartner','43','36','21','0','20','1','0','2003','13','40');
Insert into DRIVERS (DRIVER_ID,NAME,SURNAME,AGE,TEAMS_TEAM_ID,STARTING_NUM,WC,STARTS,POINTS,PODIUMS,DEBUT,CIRCUITS_CIRCUIT_ID,NATIONS_NATION_ID) values ('102','Ricardo','Zonta','48','27','17','0','36','3','0','1999','11','21');
Insert into DRIVERS (DRIVER_ID,NAME,SURNAME,AGE,TEAMS_TEAM_ID,STARTING_NUM,WC,STARTS,POINTS,PODIUMS,DEBUT,CIRCUITS_CIRCUIT_ID,NATIONS_NATION_ID) values ('103','Marc','Gene','50','34','4','0','36','5','0','1999','18','5');
Insert into DRIVERS (DRIVER_ID,NAME,SURNAME,AGE,TEAMS_TEAM_ID,STARTING_NUM,WC,STARTS,POINTS,PODIUMS,DEBUT,CIRCUITS_CIRCUIT_ID,NATIONS_NATION_ID) values ('104','Giorgio','Pantano','45','35','19','0','14','0','0','2004','13','18');
Insert into DRIVERS (DRIVER_ID,NAME,SURNAME,AGE,TEAMS_TEAM_ID,STARTING_NUM,WC,STARTS,POINTS,PODIUMS,DEBUT,CIRCUITS_CIRCUIT_ID,NATIONS_NATION_ID) values ('105','Gianmaria','Bruni','43','36','20','0','18','0','0','2004','13','18');
Insert into DRIVERS (DRIVER_ID,NAME,SURNAME,AGE,TEAMS_TEAM_ID,STARTING_NUM,WC,STARTS,POINTS,PODIUMS,DEBUT,CIRCUITS_CIRCUIT_ID,NATIONS_NATION_ID) values ('106','Heinz-Harald','Frentzen','57','33','10','0','156','174','18','1994','12','15');
Insert into DRIVERS (DRIVER_ID,NAME,SURNAME,AGE,TEAMS_TEAM_ID,STARTING_NUM,WC,STARTS,POINTS,PODIUMS,DEBUT,CIRCUITS_CIRCUIT_ID,NATIONS_NATION_ID) values ('107','Ralph','Firman','49','35','12','0','14','1','0','2003','11','41');
Insert into DRIVERS (DRIVER_ID,NAME,SURNAME,AGE,TEAMS_TEAM_ID,STARTING_NUM,WC,STARTS,POINTS,PODIUMS,DEBUT,CIRCUITS_CIRCUIT_ID,NATIONS_NATION_ID) values ('108','Justin','Wilson','37','37','15','0','16','1','0','2003','7','3');
Insert into DRIVERS (DRIVER_ID,NAME,SURNAME,AGE,TEAMS_TEAM_ID,STARTING_NUM,WC,STARTS,POINTS,PODIUMS,DEBUT,CIRCUITS_CIRCUIT_ID,NATIONS_NATION_ID) values ('109','Jos','Verstappen','52','36','19','0','107','17','2','1994','10','1');
Insert into DRIVERS (DRIVER_ID,NAME,SURNAME,AGE,TEAMS_TEAM_ID,STARTING_NUM,WC,STARTS,POINTS,PODIUMS,DEBUT,CIRCUITS_CIRCUIT_ID,NATIONS_NATION_ID) values ('110','Nicolas','Kiesa','46','36','18','0','5','0','0','2003','13','14');
Insert into DRIVERS (DRIVER_ID,NAME,SURNAME,AGE,TEAMS_TEAM_ID,STARTING_NUM,WC,STARTS,POINTS,PODIUMS,DEBUT,CIRCUITS_CIRCUIT_ID,NATIONS_NATION_ID) values ('111','Eddie','Irvine','59','37','16','0','145','191','26','1993','11','3');
Insert into DRIVERS (DRIVER_ID,NAME,SURNAME,AGE,TEAMS_TEAM_ID,STARTING_NUM,WC,STARTS,POINTS,PODIUMS,DEBUT,CIRCUITS_CIRCUIT_ID,NATIONS_NATION_ID) values ('112','Mika','Salo','57','27','24','0','110','33','2','1994','12','12');
Insert into DRIVERS (DRIVER_ID,NAME,SURNAME,AGE,TEAMS_TEAM_ID,STARTING_NUM,WC,STARTS,POINTS,PODIUMS,DEBUT,CIRCUITS_CIRCUIT_ID,NATIONS_NATION_ID) values ('113','Allan','McNish','54','27','25','0','16','0','0','2002','12','3');
Insert into DRIVERS (DRIVER_ID,NAME,SURNAME,AGE,TEAMS_TEAM_ID,STARTING_NUM,WC,STARTS,POINTS,PODIUMS,DEBUT,CIRCUITS_CIRCUIT_ID,NATIONS_NATION_ID) values ('114','Alex','Yoong','48','36','22','0','14','0','0','2001','13','42');
Insert into DRIVERS (DRIVER_ID,NAME,SURNAME,AGE,TEAMS_TEAM_ID,STARTING_NUM,WC,STARTS,POINTS,PODIUMS,DEBUT,CIRCUITS_CIRCUIT_ID,NATIONS_NATION_ID) values ('115','Enrique','Bernoldi','46','38','21','0','28','0','0','2001','7','21');
Insert into DRIVERS (DRIVER_ID,NAME,SURNAME,AGE,TEAMS_TEAM_ID,STARTING_NUM,WC,STARTS,POINTS,PODIUMS,DEBUT,CIRCUITS_CIRCUIT_ID,NATIONS_NATION_ID) values ('116','Mika','Hakkinen','56','4','3','2','161','420','51','1991','15','12');
Insert into DRIVERS (DRIVER_ID,NAME,SURNAME,AGE,TEAMS_TEAM_ID,STARTING_NUM,WC,STARTS,POINTS,PODIUMS,DEBUT,CIRCUITS_CIRCUIT_ID,NATIONS_NATION_ID) values ('117','Jean','Alesi','60','35','12','0','201','241','32','1989','14','8');
Insert into DRIVERS (DRIVER_ID,NAME,SURNAME,AGE,TEAMS_TEAM_ID,STARTING_NUM,WC,STARTS,POINTS,PODIUMS,DEBUT,CIRCUITS_CIRCUIT_ID,NATIONS_NATION_ID) values ('118','Luciano','Burti','49','40','23','0','14','0','0','2000','14','21');
Insert into DRIVERS (DRIVER_ID,NAME,SURNAME,AGE,TEAMS_TEAM_ID,STARTING_NUM,WC,STARTS,POINTS,PODIUMS,DEBUT,CIRCUITS_CIRCUIT_ID,NATIONS_NATION_ID) values ('119','Tarso','Marques','48','36','20','0','24','0','0','1996','13','21');
Insert into DRIVERS (DRIVER_ID,NAME,SURNAME,AGE,TEAMS_TEAM_ID,STARTING_NUM,WC,STARTS,POINTS,PODIUMS,DEBUT,CIRCUITS_CIRCUIT_ID,NATIONS_NATION_ID) values ('120','Tomas','Enge','48','40','23','0','3','0','0','2001','14','44');
Insert into DRIVERS (DRIVER_ID,NAME,SURNAME,AGE,TEAMS_TEAM_ID,STARTING_NUM,WC,STARTS,POINTS,PODIUMS,DEBUT,CIRCUITS_CIRCUIT_ID,NATIONS_NATION_ID) values ('121','Gaston','Mazzacane','49','40','23','0','21','0','0','2000','13','17');
Insert into DRIVERS (DRIVER_ID,NAME,SURNAME,AGE,TEAMS_TEAM_ID,STARTING_NUM,WC,STARTS,POINTS,PODIUMS,DEBUT,CIRCUITS_CIRCUIT_ID,NATIONS_NATION_ID) values ('122','Johnny','Herbert','60','37','8','0','161','98','7','1989','14','3');
Insert into DRIVERS (DRIVER_ID,NAME,SURNAME,AGE,TEAMS_TEAM_ID,STARTING_NUM,WC,STARTS,POINTS,PODIUMS,DEBUT,CIRCUITS_CIRCUIT_ID,NATIONS_NATION_ID) values ('123','Pedro','Diniz','54','33','16','0','98','10','0','1995','14','21');
Insert into DRIVERS (DRIVER_ID,NAME,SURNAME,AGE,TEAMS_TEAM_ID,STARTING_NUM,WC,STARTS,POINTS,PODIUMS,DEBUT,CIRCUITS_CIRCUIT_ID,NATIONS_NATION_ID) values ('124','Markus','Winkelhock','44','30','21','0','1','0','0','2007','6','15');
Insert into DRIVERS (DRIVER_ID,NAME,SURNAME,AGE,TEAMS_TEAM_ID,STARTING_NUM,WC,STARTS,POINTS,PODIUMS,DEBUT,CIRCUITS_CIRCUIT_ID,NATIONS_NATION_ID) values ('125','Andre','Lotterer','43','21','45','0','1','0','0','2014','6','15');
Insert into DRIVERS (DRIVER_ID,NAME,SURNAME,AGE,TEAMS_TEAM_ID,STARTING_NUM,WC,STARTS,POINTS,PODIUMS,DEBUT,CIRCUITS_CIRCUIT_ID,NATIONS_NATION_ID) values ('1','Max','Verstappen','27','1','1','3','206','2979','111','2015','1','1');
Insert into DRIVERS (DRIVER_ID,NAME,SURNAME,AGE,TEAMS_TEAM_ID,STARTING_NUM,WC,STARTS,POINTS,PODIUMS,DEBUT,CIRCUITS_CIRCUIT_ID,NATIONS_NATION_ID) values ('2','Lando','Norris','25','4','4','0','125','964','25','2019','6','3');
Insert into DRIVERS (DRIVER_ID,NAME,SURNAME,AGE,TEAMS_TEAM_ID,STARTING_NUM,WC,STARTS,POINTS,PODIUMS,DEBUT,CIRCUITS_CIRCUIT_ID,NATIONS_NATION_ID) values ('3','Charles','Leclerc','27','3','16','0','144','1381','41','2018','11','4');
Insert into DRIVERS (DRIVER_ID,NAME,SURNAME,AGE,TEAMS_TEAM_ID,STARTING_NUM,WC,STARTS,POINTS,PODIUMS,DEBUT,CIRCUITS_CIRCUIT_ID,NATIONS_NATION_ID) values ('4','Oscar','Piastri','23','4','81','0','43','359','9','2023','6','6');
Insert into DRIVERS (DRIVER_ID,NAME,SURNAME,AGE,TEAMS_TEAM_ID,STARTING_NUM,WC,STARTS,POINTS,PODIUMS,DEBUT,CIRCUITS_CIRCUIT_ID,NATIONS_NATION_ID) values ('5','Carlos','Sainz','30','3','55','0','203','1226','25','2015','5','5');
Insert into DRIVERS (DRIVER_ID,NAME,SURNAME,AGE,TEAMS_TEAM_ID,STARTING_NUM,WC,STARTS,POINTS,PODIUMS,DEBUT,CIRCUITS_CIRCUIT_ID,NATIONS_NATION_ID) values ('6','George','Russell','26','2','63','0','125','661','14','2019','3','3');
Insert into DRIVERS (DRIVER_ID,NAME,SURNAME,AGE,TEAMS_TEAM_ID,STARTING_NUM,WC,STARTS,POINTS,PODIUMS,DEBUT,CIRCUITS_CIRCUIT_ID,NATIONS_NATION_ID) values ('7','Lewis','Hamilton','39','2','44','7','353','4829','201','2007','4','3');
Insert into DRIVERS (DRIVER_ID,NAME,SURNAME,AGE,TEAMS_TEAM_ID,STARTING_NUM,WC,STARTS,POINTS,PODIUMS,DEBUT,CIRCUITS_CIRCUIT_ID,NATIONS_NATION_ID) values ('8','Sergio','Perez','34','1','11','0','278','1637','39','2011','21','2');
Insert into DRIVERS (DRIVER_ID,NAME,SURNAME,AGE,TEAMS_TEAM_ID,STARTING_NUM,WC,STARTS,POINTS,PODIUMS,DEBUT,CIRCUITS_CIRCUIT_ID,NATIONS_NATION_ID) values ('9','Fernando','Alonso','43','5','14','2','398','2329','106','2001','15','5');
Insert into DRIVERS (DRIVER_ID,NAME,SURNAME,AGE,TEAMS_TEAM_ID,STARTING_NUM,WC,STARTS,POINTS,PODIUMS,DEBUT,CIRCUITS_CIRCUIT_ID,NATIONS_NATION_ID) values ('10','Nico','Hulkenberg','37','10','27','0','224','561','0','2010','6','15');
Insert into DRIVERS (DRIVER_ID,NAME,SURNAME,AGE,TEAMS_TEAM_ID,STARTING_NUM,WC,STARTS,POINTS,PODIUMS,DEBUT,CIRCUITS_CIRCUIT_ID,NATIONS_NATION_ID) values ('11','Yuki','Tsunoda','24','8','22','0','84','89','0','2021','9','11');
Insert into DRIVERS (DRIVER_ID,NAME,SURNAME,AGE,TEAMS_TEAM_ID,STARTING_NUM,WC,STARTS,POINTS,PODIUMS,DEBUT,CIRCUITS_CIRCUIT_ID,NATIONS_NATION_ID) values ('12','Pierre','Gasly','28','6','10','0','150','420','5','2017','11','8');
Insert into DRIVERS (DRIVER_ID,NAME,SURNAME,AGE,TEAMS_TEAM_ID,STARTING_NUM,WC,STARTS,POINTS,PODIUMS,DEBUT,CIRCUITS_CIRCUIT_ID,NATIONS_NATION_ID) values ('13','Lance','Stroll','26','5','18','0','163','292','3','2017','8','7');
Insert into DRIVERS (DRIVER_ID,NAME,SURNAME,AGE,TEAMS_TEAM_ID,STARTING_NUM,WC,STARTS,POINTS,PODIUMS,DEBUT,CIRCUITS_CIRCUIT_ID,NATIONS_NATION_ID) values ('14','Esteban','Ocon','28','6','31','0','154','445','4','2016','13','8');
Insert into DRIVERS (DRIVER_ID,NAME,SURNAME,AGE,TEAMS_TEAM_ID,STARTING_NUM,WC,STARTS,POINTS,PODIUMS,DEBUT,CIRCUITS_CIRCUIT_ID,NATIONS_NATION_ID) values ('15','Kevin','Magnussen','32','10','20','0','182','200','1','2014','5','14');
Insert into DRIVERS (DRIVER_ID,NAME,SURNAME,AGE,TEAMS_TEAM_ID,STARTING_NUM,WC,STARTS,POINTS,PODIUMS,DEBUT,CIRCUITS_CIRCUIT_ID,NATIONS_NATION_ID) values ('16','Alexander','Albon','28','7','23','0','101','240','2','2019','18','9');
Insert into DRIVERS (DRIVER_ID,NAME,SURNAME,AGE,TEAMS_TEAM_ID,STARTING_NUM,WC,STARTS,POINTS,PODIUMS,DEBUT,CIRCUITS_CIRCUIT_ID,NATIONS_NATION_ID) values ('17','Daniel','Ricciardo','35','8','3','0','257','1329','32','2011','5','6');
Insert into DRIVERS (DRIVER_ID,NAME,SURNAME,AGE,TEAMS_TEAM_ID,STARTING_NUM,WC,STARTS,POINTS,PODIUMS,DEBUT,CIRCUITS_CIRCUIT_ID,NATIONS_NATION_ID) values ('18','Oliver','Bearman','19','10','87','0','3','7','0','2024','6','3');
Insert into DRIVERS (DRIVER_ID,NAME,SURNAME,AGE,TEAMS_TEAM_ID,STARTING_NUM,WC,STARTS,POINTS,PODIUMS,DEBUT,CIRCUITS_CIRCUIT_ID,NATIONS_NATION_ID) values ('19','Franco','Colapinto','21','7','43','0','6','5','0','2024','4','17');
Insert into DRIVERS (DRIVER_ID,NAME,SURNAME,AGE,TEAMS_TEAM_ID,STARTING_NUM,WC,STARTS,POINTS,PODIUMS,DEBUT,CIRCUITS_CIRCUIT_ID,NATIONS_NATION_ID) values ('20','Liam','Lawson','22','8','30','0','8','6','0','2023','10','16');
Insert into DRIVERS (DRIVER_ID,NAME,SURNAME,AGE,TEAMS_TEAM_ID,STARTING_NUM,WC,STARTS,POINTS,PODIUMS,DEBUT,CIRCUITS_CIRCUIT_ID,NATIONS_NATION_ID) values ('21','Guanyu','Zhou','25','9','24','0','65','12','0','2022','19','13');
Insert into DRIVERS (DRIVER_ID,NAME,SURNAME,AGE,TEAMS_TEAM_ID,STARTING_NUM,WC,STARTS,POINTS,PODIUMS,DEBUT,CIRCUITS_CIRCUIT_ID,NATIONS_NATION_ID) values ('22','Logan','Sargeant','23','7','2','0','36','1','0','2023','10','10');
Insert into DRIVERS (DRIVER_ID,NAME,SURNAME,AGE,TEAMS_TEAM_ID,STARTING_NUM,WC,STARTS,POINTS,PODIUMS,DEBUT,CIRCUITS_CIRCUIT_ID,NATIONS_NATION_ID) values ('23','Valtteri','Bottas','35','9','77','0','243','1797','67','2013','12','12');
Insert into DRIVERS (DRIVER_ID,NAME,SURNAME,AGE,TEAMS_TEAM_ID,STARTING_NUM,WC,STARTS,POINTS,PODIUMS,DEBUT,CIRCUITS_CIRCUIT_ID,NATIONS_NATION_ID) values ('24','Nyck','de Vries','29','12','21','0','11','2','0','2022','1','1');
Insert into DRIVERS (DRIVER_ID,NAME,SURNAME,AGE,TEAMS_TEAM_ID,STARTING_NUM,WC,STARTS,POINTS,PODIUMS,DEBUT,CIRCUITS_CIRCUIT_ID,NATIONS_NATION_ID) values ('25','Mick','Schumacher','25','10','47','0','43','12','0','2021','5','15');
Insert into DRIVERS (DRIVER_ID,NAME,SURNAME,AGE,TEAMS_TEAM_ID,STARTING_NUM,WC,STARTS,POINTS,PODIUMS,DEBUT,CIRCUITS_CIRCUIT_ID,NATIONS_NATION_ID) values ('26','Nicholas','Latifi','29','7','6','0','61','9','0','2020','7','7');
REM INSERTING into MANAGERS
SET DEFINE OFF;
Insert into MANAGERS (MANAGER_ID,NAME,SURNAME,NATIONS_NATION_ID) values ('1','Christian','Horner','3');
Insert into MANAGERS (MANAGER_ID,NAME,SURNAME,NATIONS_NATION_ID) values ('2','Toto','Wolff','37');
Insert into MANAGERS (MANAGER_ID,NAME,SURNAME,NATIONS_NATION_ID) values ('3','Frédéric','Vasseur','8');
Insert into MANAGERS (MANAGER_ID,NAME,SURNAME,NATIONS_NATION_ID) values ('4','Andrea','Stella','18');
Insert into MANAGERS (MANAGER_ID,NAME,SURNAME,NATIONS_NATION_ID) values ('5','Mike','Krack','43');
Insert into MANAGERS (MANAGER_ID,NAME,SURNAME,NATIONS_NATION_ID) values ('6','Bruno','Famin','8');
Insert into MANAGERS (MANAGER_ID,NAME,SURNAME,NATIONS_NATION_ID) values ('7','Laurent','Mekies','8');
Insert into MANAGERS (MANAGER_ID,NAME,SURNAME,NATIONS_NATION_ID) values ('8','James','Vowles','3');
Insert into MANAGERS (MANAGER_ID,NAME,SURNAME,NATIONS_NATION_ID) values ('9','Ayao','Komatsu','11');
Insert into MANAGERS (MANAGER_ID,NAME,SURNAME,NATIONS_NATION_ID) values ('10','Alessandro','Alunni Bravi','18');
Insert into MANAGERS (MANAGER_ID,NAME,SURNAME,NATIONS_NATION_ID) values ('11','Jost','Capito','15');
Insert into MANAGERS (MANAGER_ID,NAME,SURNAME,NATIONS_NATION_ID) values ('12','Flavio','Briatore','18');
Insert into MANAGERS (MANAGER_ID,NAME,SURNAME,NATIONS_NATION_ID) values ('13','Mario','Theissen','15');
Insert into MANAGERS (MANAGER_ID,NAME,SURNAME,NATIONS_NATION_ID) values ('14','Ross','Brawn','3');
Insert into MANAGERS (MANAGER_ID,NAME,SURNAME,NATIONS_NATION_ID) values ('15','Tony','Fernandes','42');
Insert into MANAGERS (MANAGER_ID,NAME,SURNAME,NATIONS_NATION_ID) values ('16','Cyril','Abiteboul','8');
Insert into MANAGERS (MANAGER_ID,NAME,SURNAME,NATIONS_NATION_ID) values ('17','Christijan','Albers','1');
Insert into MANAGERS (MANAGER_ID,NAME,SURNAME,NATIONS_NATION_ID) values ('18','Manfredi','Ravetto','18');
Insert into MANAGERS (MANAGER_ID,NAME,SURNAME,NATIONS_NATION_ID) values ('19','Jean','Todt','8');
Insert into MANAGERS (MANAGER_ID,NAME,SURNAME,NATIONS_NATION_ID) values ('20','Stefano','Domenicali','18');
Insert into MANAGERS (MANAGER_ID,NAME,SURNAME,NATIONS_NATION_ID) values ('21','Marco','Mattiacci','18');
Insert into MANAGERS (MANAGER_ID,NAME,SURNAME,NATIONS_NATION_ID) values ('22','Maurizio','Arrivabene','18');
Insert into MANAGERS (MANAGER_ID,NAME,SURNAME,NATIONS_NATION_ID) values ('23','Mattia','Binotto','18');
Insert into MANAGERS (MANAGER_ID,NAME,SURNAME,NATIONS_NATION_ID) values ('24','Vijay','Mallya','35');
Insert into MANAGERS (MANAGER_ID,NAME,SURNAME,NATIONS_NATION_ID) values ('25','Gunther','Steiner','15');
Insert into MANAGERS (MANAGER_ID,NAME,SURNAME,NATIONS_NATION_ID) values ('26','Eddie','Jordan','41');
Insert into MANAGERS (MANAGER_ID,NAME,SURNAME,NATIONS_NATION_ID) values ('27','Gerard','Lopez','43');
Insert into MANAGERS (MANAGER_ID,NAME,SURNAME,NATIONS_NATION_ID) values ('28','Stephen','Fitzpatrick','3');
Insert into MANAGERS (MANAGER_ID,NAME,SURNAME,NATIONS_NATION_ID) values ('29','John','Booth','3');
Insert into MANAGERS (MANAGER_ID,NAME,SURNAME,NATIONS_NATION_ID) values ('30','Ron','Dennis','3');
Insert into MANAGERS (MANAGER_ID,NAME,SURNAME,NATIONS_NATION_ID) values ('31','Martin','Whitmarsh','3');
Insert into MANAGERS (MANAGER_ID,NAME,SURNAME,NATIONS_NATION_ID) values ('32','Andreas','Siedl','15');
Insert into MANAGERS (MANAGER_ID,NAME,SURNAME,NATIONS_NATION_ID) values ('33','Paddy','Lowe','3');
Insert into MANAGERS (MANAGER_ID,NAME,SURNAME,NATIONS_NATION_ID) values ('34','Paul','Stoddart','6');
Insert into MANAGERS (MANAGER_ID,NAME,SURNAME,NATIONS_NATION_ID) values ('35','Alain','Prost','8');
Insert into MANAGERS (MANAGER_ID,NAME,SURNAME,NATIONS_NATION_ID) values ('36','Otmar','Szafnauer','45');
Insert into MANAGERS (MANAGER_ID,NAME,SURNAME,NATIONS_NATION_ID) values ('37','Peter','Sauber','36');
Insert into MANAGERS (MANAGER_ID,NAME,SURNAME,NATIONS_NATION_ID) values ('38','Monisha','Kaltenborn','35');
Insert into MANAGERS (MANAGER_ID,NAME,SURNAME,NATIONS_NATION_ID) values ('39','Frank','Williams','3');
Insert into MANAGERS (MANAGER_ID,NAME,SURNAME,NATIONS_NATION_ID) values ('40','Claire','Williams','3');
Insert into MANAGERS (MANAGER_ID,NAME,SURNAME,NATIONS_NATION_ID) values ('41','Eric','Boullier','8');
Insert into MANAGERS (MANAGER_ID,NAME,SURNAME,NATIONS_NATION_ID) values ('42','Oliver','Oakes','3');
Insert into MANAGERS (MANAGER_ID,NAME,SURNAME,NATIONS_NATION_ID) values ('43','Franz','Tost','37');
Insert into MANAGERS (MANAGER_ID,NAME,SURNAME,NATIONS_NATION_ID) values ('44','Luis','Perez-Sala','5');
Insert into MANAGERS (MANAGER_ID,NAME,SURNAME,NATIONS_NATION_ID) values ('45','Tadashi','Yamashina','11');
Insert into MANAGERS (MANAGER_ID,NAME,SURNAME,NATIONS_NATION_ID) values ('46','Aguri','Suzuki','11');
Insert into MANAGERS (MANAGER_ID,NAME,SURNAME,NATIONS_NATION_ID) values ('47','Colin','Kolles','15');
Insert into MANAGERS (MANAGER_ID,NAME,SURNAME,NATIONS_NATION_ID) values ('48','Trevor','Carlin','3');
Insert into MANAGERS (MANAGER_ID,NAME,SURNAME,NATIONS_NATION_ID) values ('49','Nick','Fry','3');
Insert into MANAGERS (MANAGER_ID,NAME,SURNAME,NATIONS_NATION_ID) values ('50','Tony','Purnell','3');
Insert into MANAGERS (MANAGER_ID,NAME,SURNAME,NATIONS_NATION_ID) values ('51','Tom','Walkinshaw','3');
REM INSERTING into NATIONS
SET DEFINE OFF;
Insert into NATIONS (NATION_ID,NAME,NATION_CODE,CONTINENT,NATIONALITY) values ('1','Netherlands','NLD','Europe','Dutch');
Insert into NATIONS (NATION_ID,NAME,NATION_CODE,CONTINENT,NATIONALITY) values ('2','Mexico','MEX','North America','Mexican');
Insert into NATIONS (NATION_ID,NAME,NATION_CODE,CONTINENT,NATIONALITY) values ('3','United Kingdom','GBR','Europe','British');
Insert into NATIONS (NATION_ID,NAME,NATION_CODE,CONTINENT,NATIONALITY) values ('4','Monaco','MCO','Europe','Monegasque');
Insert into NATIONS (NATION_ID,NAME,NATION_CODE,CONTINENT,NATIONALITY) values ('5','Spain','ESP','Europe','Spanish');
Insert into NATIONS (NATION_ID,NAME,NATION_CODE,CONTINENT,NATIONALITY) values ('6','Australia','AUS','Oceania','Australian');
Insert into NATIONS (NATION_ID,NAME,NATION_CODE,CONTINENT,NATIONALITY) values ('7','Canada','CAN','North America','Canadian');
Insert into NATIONS (NATION_ID,NAME,NATION_CODE,CONTINENT,NATIONALITY) values ('8','France','FRA','Europe','French');
Insert into NATIONS (NATION_ID,NAME,NATION_CODE,CONTINENT,NATIONALITY) values ('9','Thailand','THA','Asia','Thai');
Insert into NATIONS (NATION_ID,NAME,NATION_CODE,CONTINENT,NATIONALITY) values ('10','United States','USA','North America','American');
Insert into NATIONS (NATION_ID,NAME,NATION_CODE,CONTINENT,NATIONALITY) values ('11','Japan','JPN','Asia','Japanese');
Insert into NATIONS (NATION_ID,NAME,NATION_CODE,CONTINENT,NATIONALITY) values ('12','Finland','FIN','Europe','Finnish');
Insert into NATIONS (NATION_ID,NAME,NATION_CODE,CONTINENT,NATIONALITY) values ('13','China','CHN','Asia','Chinese');
Insert into NATIONS (NATION_ID,NAME,NATION_CODE,CONTINENT,NATIONALITY) values ('14','Denmark','DNK','Europe','Danish');
Insert into NATIONS (NATION_ID,NAME,NATION_CODE,CONTINENT,NATIONALITY) values ('15','Germany','DEU','Europe','German');
Insert into NATIONS (NATION_ID,NAME,NATION_CODE,CONTINENT,NATIONALITY) values ('16','New Zealand','NZL','Oceania','New Zealander');
Insert into NATIONS (NATION_ID,NAME,NATION_CODE,CONTINENT,NATIONALITY) values ('17','Argentina','ARG','South America','Argentinian');
Insert into NATIONS (NATION_ID,NAME,NATION_CODE,CONTINENT,NATIONALITY) values ('18','Italy','ITA','Europe','Italian');
Insert into NATIONS (NATION_ID,NAME,NATION_CODE,CONTINENT,NATIONALITY) values ('19','Poland','POL','Europe','Polish');
Insert into NATIONS (NATION_ID,NAME,NATION_CODE,CONTINENT,NATIONALITY) values ('20','Russia','RUS','Europe','Russian');
Insert into NATIONS (NATION_ID,NAME,NATION_CODE,CONTINENT,NATIONALITY) values ('21','Brazil','BRA','South America','Brazilian');
Insert into NATIONS (NATION_ID,NAME,NATION_CODE,CONTINENT,NATIONALITY) values ('22','Belgium','BEL','Europe','Belgian');
Insert into NATIONS (NATION_ID,NAME,NATION_CODE,CONTINENT,NATIONALITY) values ('23','Sweden','SWE','Europe','Swedish');
Insert into NATIONS (NATION_ID,NAME,NATION_CODE,CONTINENT,NATIONALITY) values ('24','Indonesia','IDN','Asia','Indonesian');
Insert into NATIONS (NATION_ID,NAME,NATION_CODE,CONTINENT,NATIONALITY) values ('25','Venezuela','VEN','South America','Venezuelan');
Insert into NATIONS (NATION_ID,NAME,NATION_CODE,CONTINENT,NATIONALITY) values ('26','San Marino','SMR','Europe','Sammarinese');
Insert into NATIONS (NATION_ID,NAME,NATION_CODE,CONTINENT,NATIONALITY) values ('27','Bahrain','BHR','Asia','Bahraini');
Insert into NATIONS (NATION_ID,NAME,NATION_CODE,CONTINENT,NATIONALITY) values ('28','Turkey','TUR','Europe','Turkish');
Insert into NATIONS (NATION_ID,NAME,NATION_CODE,CONTINENT,NATIONALITY) values ('29','Singapore','SGP','Asia','Singaporean');
Insert into NATIONS (NATION_ID,NAME,NATION_CODE,CONTINENT,NATIONALITY) values ('30','United Arab Emirates','UAE','Asia','Emirati');
Insert into NATIONS (NATION_ID,NAME,NATION_CODE,CONTINENT,NATIONALITY) values ('31','South Korea','KOR','Asia','South Korean');
Insert into NATIONS (NATION_ID,NAME,NATION_CODE,CONTINENT,NATIONALITY) values ('32','Azerbaijan','AZE','Asia','Azerbaijani');
Insert into NATIONS (NATION_ID,NAME,NATION_CODE,CONTINENT,NATIONALITY) values ('33','Qatar','QAT','Asia','Qatari');
Insert into NATIONS (NATION_ID,NAME,NATION_CODE,CONTINENT,NATIONALITY) values ('34','Saudi Arabia','SAU','Asia','Saudi');
Insert into NATIONS (NATION_ID,NAME,NATION_CODE,CONTINENT,NATIONALITY) values ('35','India','IND','Asia','Indian');
Insert into NATIONS (NATION_ID,NAME,NATION_CODE,CONTINENT,NATIONALITY) values ('36','Switzerland','SUI','Europe','Swiss');
Insert into NATIONS (NATION_ID,NAME,NATION_CODE,CONTINENT,NATIONALITY) values ('37','Austria','AUT','Europe','Austrian');
Insert into NATIONS (NATION_ID,NAME,NATION_CODE,CONTINENT,NATIONALITY) values ('38','Colombia','COL','South America','Colombian');
Insert into NATIONS (NATION_ID,NAME,NATION_CODE,CONTINENT,NATIONALITY) values ('39','Portugal','PRT','Europe','Portuguese');
Insert into NATIONS (NATION_ID,NAME,NATION_CODE,CONTINENT,NATIONALITY) values ('40','Hungary','HUN','Europe','Hungarian');
Insert into NATIONS (NATION_ID,NAME,NATION_CODE,CONTINENT,NATIONALITY) values ('41','Ireland','IRL','Europe','Irish');
Insert into NATIONS (NATION_ID,NAME,NATION_CODE,CONTINENT,NATIONALITY) values ('42','Malaysia','MYS','Asia','Malaysian');
Insert into NATIONS (NATION_ID,NAME,NATION_CODE,CONTINENT,NATIONALITY) values ('43','Luxembourg','LUX','Europe','Luxembourgish');
Insert into NATIONS (NATION_ID,NAME,NATION_CODE,CONTINENT,NATIONALITY) values ('44','Czech Republic','CZE','Europe','Czech');
Insert into NATIONS (NATION_ID,NAME,NATION_CODE,CONTINENT,NATIONALITY) values ('45','Romania','ROM','Europe','Romanian');
REM INSERTING into TEAMS
SET DEFINE OFF;
Insert into TEAMS (TEAM_ID,SHORT_NAME,FULL_NAME,MANAGERS_MANAGER_ID,DEBUT_YEAR) values ('1','Red Bull','Red Bull Racing','1','2005');
Insert into TEAMS (TEAM_ID,SHORT_NAME,FULL_NAME,MANAGERS_MANAGER_ID,DEBUT_YEAR) values ('2','Mercedes','Mercedes AMG Petronas','2','2010');
Insert into TEAMS (TEAM_ID,SHORT_NAME,FULL_NAME,MANAGERS_MANAGER_ID,DEBUT_YEAR) values ('3','Ferrari','Scuderia Ferrari','3','1950');
Insert into TEAMS (TEAM_ID,SHORT_NAME,FULL_NAME,MANAGERS_MANAGER_ID,DEBUT_YEAR) values ('4','McLaren','McLaren F1 Team','4','1966');
Insert into TEAMS (TEAM_ID,SHORT_NAME,FULL_NAME,MANAGERS_MANAGER_ID,DEBUT_YEAR) values ('5','Aston Martin','Aston Martin Aramco Cognizant','5','2021');
Insert into TEAMS (TEAM_ID,SHORT_NAME,FULL_NAME,MANAGERS_MANAGER_ID,DEBUT_YEAR) values ('6','Alpine','BWT Alpine F1 Team','42','2021');
Insert into TEAMS (TEAM_ID,SHORT_NAME,FULL_NAME,MANAGERS_MANAGER_ID,DEBUT_YEAR) values ('7','Williams','Williams Racing','8','1977');
Insert into TEAMS (TEAM_ID,SHORT_NAME,FULL_NAME,MANAGERS_MANAGER_ID,DEBUT_YEAR) values ('8','Racing Bulls','Visa CashApp Racing Bulls F1 Team','7','2024');
Insert into TEAMS (TEAM_ID,SHORT_NAME,FULL_NAME,MANAGERS_MANAGER_ID,DEBUT_YEAR) values ('9','Kick Sauber','Kick Sauber Stake F1 Team','10','2024');
Insert into TEAMS (TEAM_ID,SHORT_NAME,FULL_NAME,MANAGERS_MANAGER_ID,DEBUT_YEAR) values ('10','Haas','Haas F1 Team','9','2016');
Insert into TEAMS (TEAM_ID,SHORT_NAME,FULL_NAME,MANAGERS_MANAGER_ID,DEBUT_YEAR) values ('11','Alfa Romeo','Alfa Romeo Racing','32','2019');
Insert into TEAMS (TEAM_ID,SHORT_NAME,FULL_NAME,MANAGERS_MANAGER_ID,DEBUT_YEAR) values ('12','AlphaTauri','AlphaTauri F1 Team','43','2020');
Insert into TEAMS (TEAM_ID,SHORT_NAME,FULL_NAME,MANAGERS_MANAGER_ID,DEBUT_YEAR) values ('13','Racing Point','Racing Point F1 Team','36','2018');
Insert into TEAMS (TEAM_ID,SHORT_NAME,FULL_NAME,MANAGERS_MANAGER_ID,DEBUT_YEAR) values ('14','Renault','Renault F1 Team','16','2003');
Insert into TEAMS (TEAM_ID,SHORT_NAME,FULL_NAME,MANAGERS_MANAGER_ID,DEBUT_YEAR) values ('15','Toro Rosso','Toro Rosso F1 Team','43','2006');
Insert into TEAMS (TEAM_ID,SHORT_NAME,FULL_NAME,MANAGERS_MANAGER_ID,DEBUT_YEAR) values ('16','Force India','Force India F1 Team','24','2008');
Insert into TEAMS (TEAM_ID,SHORT_NAME,FULL_NAME,MANAGERS_MANAGER_ID,DEBUT_YEAR) values ('17','Sauber','Sauber Motorsport','3','1993');
Insert into TEAMS (TEAM_ID,SHORT_NAME,FULL_NAME,MANAGERS_MANAGER_ID,DEBUT_YEAR) values ('18','Manor','Manor Grand Prix','28','2016');
Insert into TEAMS (TEAM_ID,SHORT_NAME,FULL_NAME,MANAGERS_MANAGER_ID,DEBUT_YEAR) values ('19','Lotus','Lotus F1 Team','27','2012');
Insert into TEAMS (TEAM_ID,SHORT_NAME,FULL_NAME,MANAGERS_MANAGER_ID,DEBUT_YEAR) values ('20','Team Lotus','Team Lotus','15','2010');
Insert into TEAMS (TEAM_ID,SHORT_NAME,FULL_NAME,MANAGERS_MANAGER_ID,DEBUT_YEAR) values ('21','Caterham','Caterham F1 Team','18','2012');
Insert into TEAMS (TEAM_ID,SHORT_NAME,FULL_NAME,MANAGERS_MANAGER_ID,DEBUT_YEAR) values ('22','Marussia','Marussia F1 Team','29','2012');
Insert into TEAMS (TEAM_ID,SHORT_NAME,FULL_NAME,MANAGERS_MANAGER_ID,DEBUT_YEAR) values ('23','HRT','HRT F1 Team','44','2010');
Insert into TEAMS (TEAM_ID,SHORT_NAME,FULL_NAME,MANAGERS_MANAGER_ID,DEBUT_YEAR) values ('24','BMW Sauber','BMW Sauber F1 Team','13','2006');
Insert into TEAMS (TEAM_ID,SHORT_NAME,FULL_NAME,MANAGERS_MANAGER_ID,DEBUT_YEAR) values ('25','Virgin','Virgin Racing','29','2010');
Insert into TEAMS (TEAM_ID,SHORT_NAME,FULL_NAME,MANAGERS_MANAGER_ID,DEBUT_YEAR) values ('26','Brawn','Brawn GP','14','2009');
Insert into TEAMS (TEAM_ID,SHORT_NAME,FULL_NAME,MANAGERS_MANAGER_ID,DEBUT_YEAR) values ('27','Toyota','Toyota Racing','45','2002');
Insert into TEAMS (TEAM_ID,SHORT_NAME,FULL_NAME,MANAGERS_MANAGER_ID,DEBUT_YEAR) values ('28','Honda','Honda Racing F1 Team','14','2006');
Insert into TEAMS (TEAM_ID,SHORT_NAME,FULL_NAME,MANAGERS_MANAGER_ID,DEBUT_YEAR) values ('29','Super Aguri','Super Aguri F1 Team','46','2006');
Insert into TEAMS (TEAM_ID,SHORT_NAME,FULL_NAME,MANAGERS_MANAGER_ID,DEBUT_YEAR) values ('30','Spyker','Spyker F1 Team','47','2007');
Insert into TEAMS (TEAM_ID,SHORT_NAME,FULL_NAME,MANAGERS_MANAGER_ID,DEBUT_YEAR) values ('31','Midland','Midland F1 Team','48','2006');
Insert into TEAMS (TEAM_ID,SHORT_NAME,FULL_NAME,MANAGERS_MANAGER_ID,DEBUT_YEAR) values ('32','BAR','BAR Honda','49','1999');
Insert into TEAMS (TEAM_ID,SHORT_NAME,FULL_NAME,MANAGERS_MANAGER_ID,DEBUT_YEAR) values ('33','Sauber Petronas','Sauber Petronas','37','1993');
Insert into TEAMS (TEAM_ID,SHORT_NAME,FULL_NAME,MANAGERS_MANAGER_ID,DEBUT_YEAR) values ('34','BMW Williams','BMW Williams F1 Team','39','2000');
Insert into TEAMS (TEAM_ID,SHORT_NAME,FULL_NAME,MANAGERS_MANAGER_ID,DEBUT_YEAR) values ('35','Jordan','Jordan Grand Prix','26','1991');
Insert into TEAMS (TEAM_ID,SHORT_NAME,FULL_NAME,MANAGERS_MANAGER_ID,DEBUT_YEAR) values ('36','Minardi','Minardi F1 Team','34','1985');
Insert into TEAMS (TEAM_ID,SHORT_NAME,FULL_NAME,MANAGERS_MANAGER_ID,DEBUT_YEAR) values ('37','Jaguar','Jaguar Racing','50','2000');
Insert into TEAMS (TEAM_ID,SHORT_NAME,FULL_NAME,MANAGERS_MANAGER_ID,DEBUT_YEAR) values ('38','Arrows','Arrows Grand Prix','51','1978');
Insert into TEAMS (TEAM_ID,SHORT_NAME,FULL_NAME,MANAGERS_MANAGER_ID,DEBUT_YEAR) values ('39','Benetton','Benetton Formula 1 Team','12','1986');
Insert into TEAMS (TEAM_ID,SHORT_NAME,FULL_NAME,MANAGERS_MANAGER_ID,DEBUT_YEAR) values ('40','Prost','Prost Grand Prix','35','1997');
REM INSERTING into USERS
SET DEFINE OFF;
Insert into USERS (USER_ID,NAME,TYPE,PASSWORD) values ('1','a','a','a');
--------------------------------------------------------
--  DDL for Index USERS_PK
--------------------------------------------------------

  CREATE UNIQUE INDEX "USERS_PK" ON "USERS" ("USER_ID") 
  PCTFREE 10 INITRANS 2 MAXTRANS 255 COMPUTE STATISTICS 
  STORAGE(INITIAL 65536 NEXT 1048576 MINEXTENTS 1 MAXEXTENTS 2147483645
  PCTINCREASE 0 FREELISTS 1 FREELIST GROUPS 1
  BUFFER_POOL DEFAULT FLASH_CACHE DEFAULT CELL_FLASH_CACHE DEFAULT)
  TABLESPACE "USERS" ;
--------------------------------------------------------
--  DDL for Index NATIONS_NAME_UN
--------------------------------------------------------

  CREATE UNIQUE INDEX "NATIONS_NAME_UN" ON "NATIONS" ("NAME") 
  PCTFREE 10 INITRANS 2 MAXTRANS 255 COMPUTE STATISTICS 
  STORAGE(INITIAL 65536 NEXT 1048576 MINEXTENTS 1 MAXEXTENTS 2147483645
  PCTINCREASE 0 FREELISTS 1 FREELIST GROUPS 1
  BUFFER_POOL DEFAULT FLASH_CACHE DEFAULT CELL_FLASH_CACHE DEFAULT)
  TABLESPACE "USERS" ;
--------------------------------------------------------
--  DDL for Index CIRCUITS_PK
--------------------------------------------------------

  CREATE UNIQUE INDEX "CIRCUITS_PK" ON "CIRCUITS" ("CIRCUIT_ID") 
  PCTFREE 10 INITRANS 2 MAXTRANS 255 COMPUTE STATISTICS 
  STORAGE(INITIAL 65536 NEXT 1048576 MINEXTENTS 1 MAXEXTENTS 2147483645
  PCTINCREASE 0 FREELISTS 1 FREELIST GROUPS 1
  BUFFER_POOL DEFAULT FLASH_CACHE DEFAULT CELL_FLASH_CACHE DEFAULT)
  TABLESPACE "USERS" ;
--------------------------------------------------------
--  DDL for Index NATIONS_PK
--------------------------------------------------------

  CREATE UNIQUE INDEX "NATIONS_PK" ON "NATIONS" ("NATION_ID") 
  PCTFREE 10 INITRANS 2 MAXTRANS 255 COMPUTE STATISTICS 
  STORAGE(INITIAL 65536 NEXT 1048576 MINEXTENTS 1 MAXEXTENTS 2147483645
  PCTINCREASE 0 FREELISTS 1 FREELIST GROUPS 1
  BUFFER_POOL DEFAULT FLASH_CACHE DEFAULT CELL_FLASH_CACHE DEFAULT)
  TABLESPACE "USERS" ;
--------------------------------------------------------
--  DDL for Index TEAMS_SHORT_NAME_UN
--------------------------------------------------------

  CREATE UNIQUE INDEX "TEAMS_SHORT_NAME_UN" ON "TEAMS" ("SHORT_NAME") 
  PCTFREE 10 INITRANS 2 MAXTRANS 255 COMPUTE STATISTICS 
  STORAGE(INITIAL 65536 NEXT 1048576 MINEXTENTS 1 MAXEXTENTS 2147483645
  PCTINCREASE 0 FREELISTS 1 FREELIST GROUPS 1
  BUFFER_POOL DEFAULT FLASH_CACHE DEFAULT CELL_FLASH_CACHE DEFAULT)
  TABLESPACE "USERS" ;
--------------------------------------------------------
--  DDL for Index DRIVERS_PK
--------------------------------------------------------

  CREATE UNIQUE INDEX "DRIVERS_PK" ON "DRIVERS" ("DRIVER_ID") 
  PCTFREE 10 INITRANS 2 MAXTRANS 255 COMPUTE STATISTICS 
  STORAGE(INITIAL 65536 NEXT 1048576 MINEXTENTS 1 MAXEXTENTS 2147483645
  PCTINCREASE 0 FREELISTS 1 FREELIST GROUPS 1
  BUFFER_POOL DEFAULT FLASH_CACHE DEFAULT CELL_FLASH_CACHE DEFAULT)
  TABLESPACE "USERS" ;
--------------------------------------------------------
--  DDL for Index TEAMS_PK
--------------------------------------------------------

  CREATE UNIQUE INDEX "TEAMS_PK" ON "TEAMS" ("TEAM_ID") 
  PCTFREE 10 INITRANS 2 MAXTRANS 255 COMPUTE STATISTICS 
  STORAGE(INITIAL 65536 NEXT 1048576 MINEXTENTS 1 MAXEXTENTS 2147483645
  PCTINCREASE 0 FREELISTS 1 FREELIST GROUPS 1
  BUFFER_POOL DEFAULT FLASH_CACHE DEFAULT CELL_FLASH_CACHE DEFAULT)
  TABLESPACE "USERS" ;
--------------------------------------------------------
--  DDL for Index MANAGERS_PK
--------------------------------------------------------

  CREATE UNIQUE INDEX "MANAGERS_PK" ON "MANAGERS" ("MANAGER_ID") 
  PCTFREE 10 INITRANS 2 MAXTRANS 255 COMPUTE STATISTICS 
  STORAGE(INITIAL 65536 NEXT 1048576 MINEXTENTS 1 MAXEXTENTS 2147483645
  PCTINCREASE 0 FREELISTS 1 FREELIST GROUPS 1
  BUFFER_POOL DEFAULT FLASH_CACHE DEFAULT CELL_FLASH_CACHE DEFAULT)
  TABLESPACE "USERS" ;
--------------------------------------------------------
--  Constraints for Table MANAGERS
--------------------------------------------------------

  ALTER TABLE "MANAGERS" MODIFY ("MANAGER_ID" NOT NULL ENABLE);
  ALTER TABLE "MANAGERS" MODIFY ("NAME" NOT NULL ENABLE);
  ALTER TABLE "MANAGERS" MODIFY ("SURNAME" NOT NULL ENABLE);
  ALTER TABLE "MANAGERS" MODIFY ("NATIONS_NATION_ID" NOT NULL ENABLE);
  ALTER TABLE "MANAGERS" ADD CONSTRAINT "MANAGERS_PK" PRIMARY KEY ("MANAGER_ID")
  USING INDEX "MANAGERS_PK"  ENABLE;
--------------------------------------------------------
--  Constraints for Table TEAMS
--------------------------------------------------------

  ALTER TABLE "TEAMS" MODIFY ("TEAM_ID" NOT NULL ENABLE);
  ALTER TABLE "TEAMS" MODIFY ("SHORT_NAME" NOT NULL ENABLE);
  ALTER TABLE "TEAMS" MODIFY ("MANAGERS_MANAGER_ID" NOT NULL ENABLE);
  ALTER TABLE "TEAMS" ADD CONSTRAINT "TEAMS_PK" PRIMARY KEY ("TEAM_ID")
  USING INDEX "TEAMS_PK"  ENABLE;
  ALTER TABLE "TEAMS" ADD CONSTRAINT "TEAMS_SHORT_NAME_UN" UNIQUE ("SHORT_NAME")
  USING INDEX "TEAMS_SHORT_NAME_UN"  ENABLE;
--------------------------------------------------------
--  Constraints for Table CIRCUITS
--------------------------------------------------------

  ALTER TABLE "CIRCUITS" MODIFY ("CIRCUIT_ID" NOT NULL ENABLE);
  ALTER TABLE "CIRCUITS" MODIFY ("SHORT_NAME" NOT NULL ENABLE);
  ALTER TABLE "CIRCUITS" MODIFY ("NATIONS_NATION_ID" NOT NULL ENABLE);
  ALTER TABLE "CIRCUITS" ADD CONSTRAINT "CIRCUITS_PK" PRIMARY KEY ("CIRCUIT_ID")
  USING INDEX "CIRCUITS_PK"  ENABLE;
--------------------------------------------------------
--  Constraints for Table NATIONS
--------------------------------------------------------

  ALTER TABLE "NATIONS" MODIFY ("NATION_ID" NOT NULL ENABLE);
  ALTER TABLE "NATIONS" MODIFY ("NAME" NOT NULL ENABLE);
  ALTER TABLE "NATIONS" MODIFY ("NATION_CODE" NOT NULL ENABLE);
  ALTER TABLE "NATIONS" MODIFY ("NATIONALITY" NOT NULL ENABLE);
  ALTER TABLE "NATIONS" ADD CONSTRAINT "NATIONS_PK" PRIMARY KEY ("NATION_ID")
  USING INDEX "NATIONS_PK"  ENABLE;
  ALTER TABLE "NATIONS" ADD CONSTRAINT "NATIONS_NAME_UN" UNIQUE ("NAME")
  USING INDEX "NATIONS_NAME_UN"  ENABLE;
--------------------------------------------------------
--  Constraints for Table USERS
--------------------------------------------------------

  ALTER TABLE "USERS" MODIFY ("USER_ID" NOT NULL ENABLE);
  ALTER TABLE "USERS" MODIFY ("NAME" NOT NULL ENABLE);
  ALTER TABLE "USERS" MODIFY ("TYPE" NOT NULL ENABLE);
  ALTER TABLE "USERS" MODIFY ("PASSWORD" NOT NULL ENABLE);
  ALTER TABLE "USERS" ADD CONSTRAINT "USERS_PK" PRIMARY KEY ("USER_ID")
  USING INDEX "USERS_PK"  ENABLE;
--------------------------------------------------------
--  Constraints for Table DRIVERS
--------------------------------------------------------

  ALTER TABLE "DRIVERS" MODIFY ("DRIVER_ID" NOT NULL ENABLE);
  ALTER TABLE "DRIVERS" MODIFY ("NAME" NOT NULL ENABLE);
  ALTER TABLE "DRIVERS" MODIFY ("SURNAME" NOT NULL ENABLE);
  ALTER TABLE "DRIVERS" MODIFY ("AGE" NOT NULL ENABLE);
  ALTER TABLE "DRIVERS" MODIFY ("TEAMS_TEAM_ID" NOT NULL ENABLE);
  ALTER TABLE "DRIVERS" MODIFY ("STARTING_NUM" NOT NULL ENABLE);
  ALTER TABLE "DRIVERS" MODIFY ("WC" NOT NULL ENABLE);
  ALTER TABLE "DRIVERS" MODIFY ("STARTS" NOT NULL ENABLE);
  ALTER TABLE "DRIVERS" MODIFY ("POINTS" NOT NULL ENABLE);
  ALTER TABLE "DRIVERS" MODIFY ("PODIUMS" NOT NULL ENABLE);
  ALTER TABLE "DRIVERS" MODIFY ("DEBUT" NOT NULL ENABLE);
  ALTER TABLE "DRIVERS" ADD CONSTRAINT "DRIVERS_PK" PRIMARY KEY ("DRIVER_ID")
  USING INDEX "DRIVERS_PK"  ENABLE;
--------------------------------------------------------
--  Ref Constraints for Table CIRCUITS
--------------------------------------------------------

  ALTER TABLE "CIRCUITS" ADD CONSTRAINT "CIRCUITS_NATIONS_FK" FOREIGN KEY ("NATIONS_NATION_ID")
	  REFERENCES "NATIONS" ("NATION_ID") ENABLE;
--------------------------------------------------------
--  Ref Constraints for Table DRIVERS
--------------------------------------------------------

  ALTER TABLE "DRIVERS" ADD CONSTRAINT "DRIVERS_CIRCUITS_FK" FOREIGN KEY ("CIRCUITS_CIRCUIT_ID")
	  REFERENCES "CIRCUITS" ("CIRCUIT_ID") ENABLE;
  ALTER TABLE "DRIVERS" ADD CONSTRAINT "DRIVERS_NATIONS_FK" FOREIGN KEY ("NATIONS_NATION_ID")
	  REFERENCES "NATIONS" ("NATION_ID") ENABLE;
  ALTER TABLE "DRIVERS" ADD CONSTRAINT "DRIVERS_TEAMS_FK" FOREIGN KEY ("TEAMS_TEAM_ID")
	  REFERENCES "TEAMS" ("TEAM_ID") ENABLE;
--------------------------------------------------------
--  Ref Constraints for Table MANAGERS
--------------------------------------------------------

  ALTER TABLE "MANAGERS" ADD CONSTRAINT "MANAGERS_NATIONS_FK" FOREIGN KEY ("NATIONS_NATION_ID")
	  REFERENCES "NATIONS" ("NATION_ID") ENABLE;
--------------------------------------------------------
--  Ref Constraints for Table TEAMS
--------------------------------------------------------

  ALTER TABLE "TEAMS" ADD CONSTRAINT "TEAMS_MANAGERS_FK" FOREIGN KEY ("MANAGERS_MANAGER_ID")
	  REFERENCES "MANAGERS" ("MANAGER_ID") ENABLE;
